,sumStudentPop,key1,UID,Province_State,POPESTIMATE2019,Long_,Lat,Country_Region,Combined_Key,Admin2,date,case_count,month,pct_change,ratioStudent,casesPerThousand
8190,0.0,"Adams,Ohio",84039001,Ohio,27698.0,-83.4718964,38.84541072,US,"Adams, Ohio, US",Adams,2020-07-01,21,7,110.00000000000001,0.0,0.7581774857390425
5400,0.0,"Adams,Ohio",84039001,Ohio,27698.0,-83.4718964,38.84541072,US,"Adams, Ohio, US",Adams,2020-08-01,53,8,152.38095238095238,0.0,1.9134955592461549
2610,0.0,"Adams,Ohio",84039001,Ohio,27698.0,-83.4718964,38.84541072,US,"Adams, Ohio, US",Adams,2020-09-01,93,9,75.47169811320755,0.0,3.3576431511300457
27000,0.0,"Adams,Ohio",84039001,Ohio,27698.0,-83.4718964,38.84541072,US,"Adams, Ohio, US",Adams,2020-10-01,144,10,54.83870967741935,0.0,5.198931330782006
24210,0.0,"Adams,Ohio",84039001,Ohio,27698.0,-83.4718964,38.84541072,US,"Adams, Ohio, US",Adams,2020-11-01,270,11,87.5,0.0,9.74799624521626
22500,0.0,"Adams,Ohio",84039001,Ohio,27698.0,-83.4718964,38.84541072,US,"Adams, Ohio, US",Adams,2020-11-27,838,12,210.37037037037035,0.0,30.25489204996751
8195,0.0,"Auglaize,Ohio",84039011,Ohio,45656.0,-84.22421429999999,40.55998859,US,"Auglaize, Ohio, US",Auglaize,2020-07-01,99,7,37.5,0.0,2.168389696863501
5405,0.0,"Auglaize,Ohio",84039011,Ohio,45656.0,-84.22421429999999,40.55998859,US,"Auglaize, Ohio, US",Auglaize,2020-08-01,208,8,110.10101010101012,0.0,4.555808656036446
2615,0.0,"Auglaize,Ohio",84039011,Ohio,45656.0,-84.22421429999999,40.55998859,US,"Auglaize, Ohio, US",Auglaize,2020-09-01,427,9,105.28846153846155,0.0,9.352549500613282
27005,0.0,"Auglaize,Ohio",84039011,Ohio,45656.0,-84.22421429999999,40.55998859,US,"Auglaize, Ohio, US",Auglaize,2020-10-01,639,10,49.64871194379392,0.0,13.995969861573506
24215,0.0,"Auglaize,Ohio",84039011,Ohio,45656.0,-84.22421429999999,40.55998859,US,"Auglaize, Ohio, US",Auglaize,2020-11-01,1279,11,100.15649452269169,0.0,28.01384264937796
22505,0.0,"Auglaize,Ohio",84039011,Ohio,45656.0,-84.22421429999999,40.55998859,US,"Auglaize, Ohio, US",Auglaize,2020-11-27,2439,12,90.6958561376075,0.0,53.421237077273524
8197,0.0,"Brown,Ohio",84039015,Ohio,43432.0,-83.86788395,38.93416837,US,"Brown, Ohio, US",Brown,2020-07-01,53,7,82.75862068965519,0.0,1.2202983974949346
5407,0.0,"Brown,Ohio",84039015,Ohio,43432.0,-83.86788395,38.93416837,US,"Brown, Ohio, US",Brown,2020-08-01,113,8,113.20754716981133,0.0,2.6017682814514647
2617,0.0,"Brown,Ohio",84039015,Ohio,43432.0,-83.86788395,38.93416837,US,"Brown, Ohio, US",Brown,2020-09-01,218,9,92.92035398230087,0.0,5.019340578375392
27007,0.0,"Brown,Ohio",84039015,Ohio,43432.0,-83.86788395,38.93416837,US,"Brown, Ohio, US",Brown,2020-10-01,296,10,35.779816513761475,0.0,6.81525142751888
24217,0.0,"Brown,Ohio",84039015,Ohio,43432.0,-83.86788395,38.93416837,US,"Brown, Ohio, US",Brown,2020-11-01,485,11,63.85135135135136,0.0,11.166881561981949
22507,0.0,"Brown,Ohio",84039015,Ohio,43432.0,-83.86788395,38.93416837,US,"Brown, Ohio, US",Brown,2020-11-27,1075,12,121.64948453608248,0.0,24.751335420887823
8199,0.0,"Carroll,Ohio",84039019,Ohio,26914.0,-81.09178213,40.5789686,US,"Carroll, Ohio, US",Carroll,2020-07-01,51,7,64.51612903225808,0.0,1.8949245745708554
5409,0.0,"Carroll,Ohio",84039019,Ohio,26914.0,-81.09178213,40.5789686,US,"Carroll, Ohio, US",Carroll,2020-08-01,107,8,109.80392156862746,0.0,3.9756260682172844
2619,0.0,"Carroll,Ohio",84039019,Ohio,26914.0,-81.09178213,40.5789686,US,"Carroll, Ohio, US",Carroll,2020-09-01,126,9,17.757009345794383,0.0,4.681578360704466
27009,0.0,"Carroll,Ohio",84039019,Ohio,26914.0,-81.09178213,40.5789686,US,"Carroll, Ohio, US",Carroll,2020-10-01,152,10,20.63492063492063,0.0,5.647618339897451
24219,0.0,"Carroll,Ohio",84039019,Ohio,26914.0,-81.09178213,40.5789686,US,"Carroll, Ohio, US",Carroll,2020-11-01,265,11,74.3421052631579,0.0,9.846176711005425
22509,0.0,"Carroll,Ohio",84039019,Ohio,26914.0,-81.09178213,40.5789686,US,"Carroll, Ohio, US",Carroll,2020-11-27,532,12,100.75471698113208,0.0,19.76666418964108
8200,0.0,"Champaign,Ohio",84039021,Ohio,38885.0,-83.76875242,40.13923427,US,"Champaign, Ohio, US",Champaign,2020-07-01,38,7,35.71428571428572,0.0,0.9772405812009772
5410,0.0,"Champaign,Ohio",84039021,Ohio,38885.0,-83.76875242,40.13923427,US,"Champaign, Ohio, US",Champaign,2020-08-01,102,8,168.42105263157893,0.0,2.623119454802623
2620,0.0,"Champaign,Ohio",84039021,Ohio,38885.0,-83.76875242,40.13923427,US,"Champaign, Ohio, US",Champaign,2020-09-01,249,9,144.11764705882354,0.0,6.403497492606403
27010,0.0,"Champaign,Ohio",84039021,Ohio,38885.0,-83.76875242,40.13923427,US,"Champaign, Ohio, US",Champaign,2020-10-01,318,10,27.710843373493965,0.0,8.177960653208178
24220,0.0,"Champaign,Ohio",84039021,Ohio,38885.0,-83.76875242,40.13923427,US,"Champaign, Ohio, US",Champaign,2020-11-01,475,11,49.37106918238994,0.0,12.215507265012215
22510,0.0,"Champaign,Ohio",84039021,Ohio,38885.0,-83.76875242,40.13923427,US,"Champaign, Ohio, US",Champaign,2020-11-27,1053,12,121.6842105263158,0.0,27.079850842227078
8202,0.0,"Clermont,Ohio",84039025,Ohio,206428.0,-84.15375786,39.04847534,US,"Clermont, Ohio, US",Clermont,2020-07-01,356,7,67.13615023474178,0.0,1.7245722479508594
5412,0.0,"Clermont,Ohio",84039025,Ohio,206428.0,-84.15375786,39.04847534,US,"Clermont, Ohio, US",Clermont,2020-08-01,821,8,130.61797752808988,0.0,3.9771736392349877
2622,0.0,"Clermont,Ohio",84039025,Ohio,206428.0,-84.15375786,39.04847534,US,"Clermont, Ohio, US",Clermont,2020-09-01,1303,9,58.7088915956151,0.0,6.312128199662837
27012,0.0,"Clermont,Ohio",84039025,Ohio,206428.0,-84.15375786,39.04847534,US,"Clermont, Ohio, US",Clermont,2020-10-01,1779,10,36.531082118188785,0.0,8.618016935687018
24222,0.0,"Clermont,Ohio",84039025,Ohio,206428.0,-84.15375786,39.04847534,US,"Clermont, Ohio, US",Clermont,2020-11-01,2961,11,66.44182124789207,0.0,14.343984343209256
22512,0.0,"Clermont,Ohio",84039025,Ohio,206428.0,-84.15375786,39.04847534,US,"Clermont, Ohio, US",Clermont,2020-11-27,6229,12,110.36811887875717,0.0,30.17517003507276
8205,0.0,"Coshocton,Ohio",84039031,Ohio,36600.0,-81.91729018,40.30096166,US,"Coshocton, Ohio, US",Coshocton,2020-07-01,81,7,102.49999999999999,0.0,2.2131147540983607
5415,0.0,"Coshocton,Ohio",84039031,Ohio,36600.0,-81.91729018,40.30096166,US,"Coshocton, Ohio, US",Coshocton,2020-08-01,185,8,128.39506172839506,0.0,5.054644808743169
2625,0.0,"Coshocton,Ohio",84039031,Ohio,36600.0,-81.91729018,40.30096166,US,"Coshocton, Ohio, US",Coshocton,2020-09-01,217,9,17.2972972972973,0.0,5.9289617486338795
27015,0.0,"Coshocton,Ohio",84039031,Ohio,36600.0,-81.91729018,40.30096166,US,"Coshocton, Ohio, US",Coshocton,2020-10-01,235,10,8.294930875576046,0.0,6.420765027322404
24225,0.0,"Coshocton,Ohio",84039031,Ohio,36600.0,-81.91729018,40.30096166,US,"Coshocton, Ohio, US",Coshocton,2020-11-01,417,11,77.4468085106383,0.0,11.39344262295082
22515,0.0,"Coshocton,Ohio",84039031,Ohio,36600.0,-81.91729018,40.30096166,US,"Coshocton, Ohio, US",Coshocton,2020-11-27,910,12,118.2254196642686,0.0,24.863387978142075
8206,0.0,"Crawford,Ohio",84039033,Ohio,41494.0,-82.91989099,40.85065156,US,"Crawford, Ohio, US",Crawford,2020-07-01,135,7,17.391304347826097,0.0,3.253482431194872
5416,0.0,"Crawford,Ohio",84039033,Ohio,41494.0,-82.91989099,40.85065156,US,"Crawford, Ohio, US",Crawford,2020-08-01,164,8,21.48148148148148,0.0,3.9523786571552515
2626,0.0,"Crawford,Ohio",84039033,Ohio,41494.0,-82.91989099,40.85065156,US,"Crawford, Ohio, US",Crawford,2020-09-01,196,9,19.512195121951216,0.0,4.72357449269774
27016,0.0,"Crawford,Ohio",84039033,Ohio,41494.0,-82.91989099,40.85065156,US,"Crawford, Ohio, US",Crawford,2020-10-01,256,10,30.612244897959172,0.0,6.169566684339904
24226,0.0,"Crawford,Ohio",84039033,Ohio,41494.0,-82.91989099,40.85065156,US,"Crawford, Ohio, US",Crawford,2020-11-01,609,11,137.890625,0.0,14.676820745167976
22516,0.0,"Crawford,Ohio",84039033,Ohio,41494.0,-82.91989099,40.85065156,US,"Crawford, Ohio, US",Crawford,2020-11-27,1344,12,120.6896551724138,0.0,32.3902250927845
8208,0.0,"Darke,Ohio",84039037,Ohio,51113.0,-84.6194517,40.13412966,US,"Darke, Ohio, US",Darke,2020-07-01,236,7,35.63218390804597,0.0,4.6172206679318375
5418,0.0,"Darke,Ohio",84039037,Ohio,51113.0,-84.6194517,40.13412966,US,"Darke, Ohio, US",Darke,2020-08-01,313,8,32.6271186440678,0.0,6.123686733316378
2628,0.0,"Darke,Ohio",84039037,Ohio,51113.0,-84.6194517,40.13412966,US,"Darke, Ohio, US",Darke,2020-09-01,622,9,98.72204472843451,0.0,12.169115489210181
27018,0.0,"Darke,Ohio",84039037,Ohio,51113.0,-84.6194517,40.13412966,US,"Darke, Ohio, US",Darke,2020-10-01,865,10,39.067524115755624,0.0,16.92328761763152
24228,0.0,"Darke,Ohio",84039037,Ohio,51113.0,-84.6194517,40.13412966,US,"Darke, Ohio, US",Darke,2020-11-01,1317,11,52.2543352601156,0.0,25.76643906638233
22518,0.0,"Darke,Ohio",84039037,Ohio,51113.0,-84.6194517,40.13412966,US,"Darke, Ohio, US",Darke,2020-11-27,2461,12,86.86408504176157,0.0,48.14822060923835
8213,0.0,"Fayette,Ohio",84039047,Ohio,28525.0,-83.4562016,39.56021306,US,"Fayette, Ohio, US",Fayette,2020-07-01,46,7,14.999999999999991,0.0,1.6126205083260299
5423,0.0,"Fayette,Ohio",84039047,Ohio,28525.0,-83.4562016,39.56021306,US,"Fayette, Ohio, US",Fayette,2020-08-01,91,8,97.82608695652173,0.0,3.1901840490797544
2633,0.0,"Fayette,Ohio",84039047,Ohio,28525.0,-83.4562016,39.56021306,US,"Fayette, Ohio, US",Fayette,2020-09-01,192,9,110.98901098901099,0.0,6.730937773882559
27023,0.0,"Fayette,Ohio",84039047,Ohio,28525.0,-83.4562016,39.56021306,US,"Fayette, Ohio, US",Fayette,2020-10-01,256,10,33.33333333333333,0.0,8.974583698510079
24233,0.0,"Fayette,Ohio",84039047,Ohio,28525.0,-83.4562016,39.56021306,US,"Fayette, Ohio, US",Fayette,2020-11-01,507,11,98.046875,0.0,17.773882559158633
22523,0.0,"Fayette,Ohio",84039047,Ohio,28525.0,-83.4562016,39.56021306,US,"Fayette, Ohio, US",Fayette,2020-11-27,973,12,91.91321499013807,0.0,34.11042944785276
8215,0.0,"Fulton,Ohio",84039051,Ohio,42126.0,-84.12571393,41.60213491,US,"Fulton, Ohio, US",Fulton,2020-07-01,57,7,29.54545454545454,0.0,1.3530836063238856
5425,0.0,"Fulton,Ohio",84039051,Ohio,42126.0,-84.12571393,41.60213491,US,"Fulton, Ohio, US",Fulton,2020-08-01,138,8,142.10526315789474,0.0,3.275886625836775
2635,0.0,"Fulton,Ohio",84039051,Ohio,42126.0,-84.12571393,41.60213491,US,"Fulton, Ohio, US",Fulton,2020-09-01,187,9,35.507246376811594,0.0,4.4390637610976595
27025,0.0,"Fulton,Ohio",84039051,Ohio,42126.0,-84.12571393,41.60213491,US,"Fulton, Ohio, US",Fulton,2020-10-01,312,10,66.84491978609626,0.0,7.406352371457057
24235,0.0,"Fulton,Ohio",84039051,Ohio,42126.0,-84.12571393,41.60213491,US,"Fulton, Ohio, US",Fulton,2020-11-01,647,11,107.37179487179489,0.0,15.358685847220244
22525,0.0,"Fulton,Ohio",84039051,Ohio,42126.0,-84.12571393,41.60213491,US,"Fulton, Ohio, US",Fulton,2020-11-27,1358,12,109.89180834621331,0.0,32.2366234629445
8216,0.0,"Gallia,Ohio",84039053,Ohio,29898.0,-82.31647569,38.82708533,US,"Gallia, Ohio, US",Gallia,2020-07-01,14,7,75.0,0.0,0.46825874640444176
5426,0.0,"Gallia,Ohio",84039053,Ohio,29898.0,-82.31647569,38.82708533,US,"Gallia, Ohio, US",Gallia,2020-08-01,58,8,314.28571428571433,0.0,1.939929092246973
2636,0.0,"Gallia,Ohio",84039053,Ohio,29898.0,-82.31647569,38.82708533,US,"Gallia, Ohio, US",Gallia,2020-09-01,147,9,153.44827586206895,0.0,4.916716837246639
27026,0.0,"Gallia,Ohio",84039053,Ohio,29898.0,-82.31647569,38.82708533,US,"Gallia, Ohio, US",Gallia,2020-10-01,212,10,44.21768707482994,0.0,7.090775302695833
24236,0.0,"Gallia,Ohio",84039053,Ohio,29898.0,-82.31647569,38.82708533,US,"Gallia, Ohio, US",Gallia,2020-11-01,334,11,57.54716981132076,0.0,11.171315807077397
22526,0.0,"Gallia,Ohio",84039053,Ohio,29898.0,-82.31647569,38.82708533,US,"Gallia, Ohio, US",Gallia,2020-11-27,816,12,144.311377245509,0.0,27.292795504716036
8219,0.0,"Guernsey,Ohio",84039059,Ohio,38875.0,-81.49248905,40.05026529,US,"Guernsey, Ohio, US",Guernsey,2020-07-01,60,7,66.66666666666667,0.0,1.5434083601286173
5429,0.0,"Guernsey,Ohio",84039059,Ohio,38875.0,-81.49248905,40.05026529,US,"Guernsey, Ohio, US",Guernsey,2020-08-01,110,8,83.33333333333333,0.0,2.829581993569132
2639,0.0,"Guernsey,Ohio",84039059,Ohio,38875.0,-81.49248905,40.05026529,US,"Guernsey, Ohio, US",Guernsey,2020-09-01,133,9,20.9090909090909,0.0,3.4212218649517685
27029,0.0,"Guernsey,Ohio",84039059,Ohio,38875.0,-81.49248905,40.05026529,US,"Guernsey, Ohio, US",Guernsey,2020-10-01,180,10,35.33834586466165,0.0,4.630225080385852
24239,0.0,"Guernsey,Ohio",84039059,Ohio,38875.0,-81.49248905,40.05026529,US,"Guernsey, Ohio, US",Guernsey,2020-11-01,439,11,143.8888888888889,0.0,11.292604501607716
22529,0.0,"Guernsey,Ohio",84039059,Ohio,38875.0,-81.49248905,40.05026529,US,"Guernsey, Ohio, US",Guernsey,2020-11-27,968,12,120.50113895216401,0.0,24.90032154340836
8223,0.0,"Harrison,Ohio",84039067,Ohio,15040.0,-81.09068544,40.29380509,US,"Harrison, Ohio, US",Harrison,2020-07-01,12,7,19.999999999999996,0.0,0.7978723404255319
5433,0.0,"Harrison,Ohio",84039067,Ohio,15040.0,-81.09068544,40.29380509,US,"Harrison, Ohio, US",Harrison,2020-08-01,19,8,58.33333333333333,0.0,1.2632978723404256
2643,0.0,"Harrison,Ohio",84039067,Ohio,15040.0,-81.09068544,40.29380509,US,"Harrison, Ohio, US",Harrison,2020-09-01,31,9,63.1578947368421,0.0,2.0611702127659575
27033,0.0,"Harrison,Ohio",84039067,Ohio,15040.0,-81.09068544,40.29380509,US,"Harrison, Ohio, US",Harrison,2020-10-01,68,10,119.35483870967741,0.0,4.5212765957446805
24243,0.0,"Harrison,Ohio",84039067,Ohio,15040.0,-81.09068544,40.29380509,US,"Harrison, Ohio, US",Harrison,2020-11-01,93,11,36.76470588235294,0.0,6.183510638297872
22533,0.0,"Harrison,Ohio",84039067,Ohio,15040.0,-81.09068544,40.29380509,US,"Harrison, Ohio, US",Harrison,2020-11-27,243,12,161.29032258064515,0.0,16.15691489361702
8224,0.0,"Henry,Ohio",84039069,Ohio,27006.0,-84.06830637,41.3339642,US,"Henry, Ohio, US",Henry,2020-07-01,29,7,81.25,0.0,1.0738354439754128
5434,0.0,"Henry,Ohio",84039069,Ohio,27006.0,-84.06830637,41.3339642,US,"Henry, Ohio, US",Henry,2020-08-01,104,8,258.62068965517244,0.0,3.850996074946308
2644,0.0,"Henry,Ohio",84039069,Ohio,27006.0,-84.06830637,41.3339642,US,"Henry, Ohio, US",Henry,2020-09-01,216,9,107.69230769230771,0.0,7.998222617196179
27034,0.0,"Henry,Ohio",84039069,Ohio,27006.0,-84.06830637,41.3339642,US,"Henry, Ohio, US",Henry,2020-10-01,346,10,60.18518518518518,0.0,12.811967710879065
24244,0.0,"Henry,Ohio",84039069,Ohio,27006.0,-84.06830637,41.3339642,US,"Henry, Ohio, US",Henry,2020-11-01,584,11,68.78612716763006,0.0,21.624824113160038
22534,0.0,"Henry,Ohio",84039069,Ohio,27006.0,-84.06830637,41.3339642,US,"Henry, Ohio, US",Henry,2020-11-27,1054,12,80.47945205479452,0.0,39.02836406724432
8225,0.0,"Highland,Ohio",84039071,Ohio,43161.0,-83.60331456,39.1839264,US,"Highland, Ohio, US",Highland,2020-07-01,43,7,72.0,0.0,0.9962697805889575
5435,0.0,"Highland,Ohio",84039071,Ohio,43161.0,-83.60331456,39.1839264,US,"Highland, Ohio, US",Highland,2020-08-01,121,8,181.39534883720933,0.0,2.803456824447997
2645,0.0,"Highland,Ohio",84039071,Ohio,43161.0,-83.60331456,39.1839264,US,"Highland, Ohio, US",Highland,2020-09-01,191,9,57.851239669421496,0.0,4.425291350988161
27035,0.0,"Highland,Ohio",84039071,Ohio,43161.0,-83.60331456,39.1839264,US,"Highland, Ohio, US",Highland,2020-10-01,237,10,24.083769633507845,0.0,5.491068325571696
24245,0.0,"Highland,Ohio",84039071,Ohio,43161.0,-83.60331456,39.1839264,US,"Highland, Ohio, US",Highland,2020-11-01,580,11,144.72573839662445,0.0,13.438057505618499
22535,0.0,"Highland,Ohio",84039071,Ohio,43161.0,-83.60331456,39.1839264,US,"Highland, Ohio, US",Highland,2020-11-27,1081,12,86.37931034482757,0.0,25.045758902713096
8226,0.0,"Hocking,Ohio",84039073,Ohio,28264.0,-82.47991446,39.49537927,US,"Hocking, Ohio, US",Hocking,2020-07-01,76,7,10.144927536231885,0.0,2.6889329181998303
5436,0.0,"Hocking,Ohio",84039073,Ohio,28264.0,-82.47991446,39.49537927,US,"Hocking, Ohio, US",Hocking,2020-08-01,106,8,39.47368421052631,0.0,3.750353806962921
2646,0.0,"Hocking,Ohio",84039073,Ohio,28264.0,-82.47991446,39.49537927,US,"Hocking, Ohio, US",Hocking,2020-09-01,143,9,34.905660377358494,0.0,5.059439569770733
27036,0.0,"Hocking,Ohio",84039073,Ohio,28264.0,-82.47991446,39.49537927,US,"Hocking, Ohio, US",Hocking,2020-10-01,170,10,18.881118881118873,0.0,6.0147183696575155
24246,0.0,"Hocking,Ohio",84039073,Ohio,28264.0,-82.47991446,39.49537927,US,"Hocking, Ohio, US",Hocking,2020-11-01,249,11,46.47058823529411,0.0,8.809793376733655
22536,0.0,"Hocking,Ohio",84039073,Ohio,28264.0,-82.47991446,39.49537927,US,"Hocking, Ohio, US",Hocking,2020-11-27,685,12,175.1004016064257,0.0,24.235776960090572
8227,0.0,"Holmes,Ohio",84039075,Ohio,43960.0,-81.92635677,40.56163713,US,"Holmes, Ohio, US",Holmes,2020-07-01,204,7,374.4186046511628,0.0,4.640582347588717
5437,0.0,"Holmes,Ohio",84039075,Ohio,43960.0,-81.92635677,40.56163713,US,"Holmes, Ohio, US",Holmes,2020-08-01,319,8,56.372549019607845,0.0,7.256596906278435
2647,0.0,"Holmes,Ohio",84039075,Ohio,43960.0,-81.92635677,40.56163713,US,"Holmes, Ohio, US",Holmes,2020-09-01,351,9,10.031347962382453,0.0,7.984531392174704
27037,0.0,"Holmes,Ohio",84039075,Ohio,43960.0,-81.92635677,40.56163713,US,"Holmes, Ohio, US",Holmes,2020-10-01,405,10,15.384615384615374,0.0,9.21292083712466
24247,0.0,"Holmes,Ohio",84039075,Ohio,43960.0,-81.92635677,40.56163713,US,"Holmes, Ohio, US",Holmes,2020-11-01,929,11,129.3827160493827,0.0,21.13284804367607
22537,0.0,"Holmes,Ohio",84039075,Ohio,43960.0,-81.92635677,40.56163713,US,"Holmes, Ohio, US",Holmes,2020-11-27,1469,12,58.127018299246494,0.0,33.41674249317561
8228,0.0,"Huron,Ohio",84039077,Ohio,58266.0,-82.59867951,41.14651175,US,"Huron, Ohio, US",Huron,2020-07-01,177,7,195.00000000000003,0.0,3.0377921944187003
5438,0.0,"Huron,Ohio",84039077,Ohio,58266.0,-82.59867951,41.14651175,US,"Huron, Ohio, US",Huron,2020-08-01,368,8,107.909604519774,0.0,6.3158617375484845
2648,0.0,"Huron,Ohio",84039077,Ohio,58266.0,-82.59867951,41.14651175,US,"Huron, Ohio, US",Huron,2020-09-01,479,9,30.163043478260864,0.0,8.220917859472076
27038,0.0,"Huron,Ohio",84039077,Ohio,58266.0,-82.59867951,41.14651175,US,"Huron, Ohio, US",Huron,2020-10-01,598,10,24.843423799582464,0.0,10.263275323516288
24248,0.0,"Huron,Ohio",84039077,Ohio,58266.0,-82.59867951,41.14651175,US,"Huron, Ohio, US",Huron,2020-11-01,773,11,29.264214046822733,0.0,13.266742182404831
22538,0.0,"Huron,Ohio",84039077,Ohio,58266.0,-82.59867951,41.14651175,US,"Huron, Ohio, US",Huron,2020-11-27,1630,12,110.8667529107374,0.0,27.975148457076166
8229,0.0,"Jackson,Ohio",84039079,Ohio,32413.0,-82.61818559999998,39.01914254,US,"Jackson, Ohio, US",Jackson,2020-07-01,17,7,21.42857142857142,0.0,0.524480918150125
5439,0.0,"Jackson,Ohio",84039079,Ohio,32413.0,-82.61818559999998,39.01914254,US,"Jackson, Ohio, US",Jackson,2020-08-01,65,8,282.3529411764706,0.0,2.00536821645636
2649,0.0,"Jackson,Ohio",84039079,Ohio,32413.0,-82.61818559999998,39.01914254,US,"Jackson, Ohio, US",Jackson,2020-09-01,173,9,166.15384615384613,0.0,5.33736463764539
27039,0.0,"Jackson,Ohio",84039079,Ohio,32413.0,-82.61818559999998,39.01914254,US,"Jackson, Ohio, US",Jackson,2020-10-01,278,10,60.69364161849711,0.0,8.576805602690278
24249,0.0,"Jackson,Ohio",84039079,Ohio,32413.0,-82.61818559999998,39.01914254,US,"Jackson, Ohio, US",Jackson,2020-11-01,539,11,93.88489208633092,0.0,16.62913028723043
22539,0.0,"Jackson,Ohio",84039079,Ohio,32413.0,-82.61818559999998,39.01914254,US,"Jackson, Ohio, US",Jackson,2020-11-27,1020,12,89.23933209647494,0.0,31.4688550890075
8235,0.0,"Logan,Ohio",84039091,Ohio,45672.0,-83.76784341,40.38996525,US,"Logan, Ohio, US",Logan,2020-07-01,58,7,48.71794871794872,0.0,1.2699246803293045
5445,0.0,"Logan,Ohio",84039091,Ohio,45672.0,-83.76784341,40.38996525,US,"Logan, Ohio, US",Logan,2020-08-01,116,8,100.0,0.0,2.539849360658609
2655,0.0,"Logan,Ohio",84039091,Ohio,45672.0,-83.76784341,40.38996525,US,"Logan, Ohio, US",Logan,2020-09-01,242,9,108.62068965517241,0.0,5.298651252408478
27045,0.0,"Logan,Ohio",84039091,Ohio,45672.0,-83.76784341,40.38996525,US,"Logan, Ohio, US",Logan,2020-10-01,321,10,32.644628099173545,0.0,7.028376248029427
24255,0.0,"Logan,Ohio",84039091,Ohio,45672.0,-83.76784341,40.38996525,US,"Logan, Ohio, US",Logan,2020-11-01,530,11,65.10903426791276,0.0,11.60448414783675
22545,0.0,"Logan,Ohio",84039091,Ohio,45672.0,-83.76784341,40.38996525,US,"Logan, Ohio, US",Logan,2020-11-27,1390,12,162.26415094339623,0.0,30.43440182168506
8238,0.0,"Madison,Ohio",84039097,Ohio,44731.0,-83.40178317,39.89381073,US,"Madison, Ohio, US",Madison,2020-07-01,188,7,21.29032258064516,0.0,4.202901790704433
5448,0.0,"Madison,Ohio",84039097,Ohio,44731.0,-83.40178317,39.89381073,US,"Madison, Ohio, US",Madison,2020-08-01,322,8,71.27659574468086,0.0,7.198587109610784
2658,0.0,"Madison,Ohio",84039097,Ohio,44731.0,-83.40178317,39.89381073,US,"Madison, Ohio, US",Madison,2020-09-01,704,9,118.63354037267082,0.0,15.738525854552773
27048,0.0,"Madison,Ohio",84039097,Ohio,44731.0,-83.40178317,39.89381073,US,"Madison, Ohio, US",Madison,2020-10-01,887,10,25.994318181818187,0.0,19.829648342312936
24258,0.0,"Madison,Ohio",84039097,Ohio,44731.0,-83.40178317,39.89381073,US,"Madison, Ohio, US",Madison,2020-11-01,1129,11,27.28297632468997,0.0,25.23976660481545
22548,0.0,"Madison,Ohio",84039097,Ohio,44731.0,-83.40178317,39.89381073,US,"Madison, Ohio, US",Madison,2020-11-27,1720,12,52.34720992028343,0.0,38.45208021282779
8240,0.0,"Marion,Ohio",84039101,Ohio,65093.0,-83.15736305,40.58610662,US,"Marion, Ohio, US",Marion,2020-07-01,2731,7,2.361319340329837,0.0,41.955356182692455
5450,0.0,"Marion,Ohio",84039101,Ohio,65093.0,-83.15736305,40.58610662,US,"Marion, Ohio, US",Marion,2020-08-01,2867,8,4.979860856828999,0.0,44.044674542577546
2660,0.0,"Marion,Ohio",84039101,Ohio,65093.0,-83.15736305,40.58610662,US,"Marion, Ohio, US",Marion,2020-09-01,3006,9,4.848273456574814,0.0,46.180080807460094
27050,0.0,"Marion,Ohio",84039101,Ohio,65093.0,-83.15736305,40.58610662,US,"Marion, Ohio, US",Marion,2020-10-01,3138,10,4.3912175648702645,0.0,48.207948627348564
24260,0.0,"Marion,Ohio",84039101,Ohio,65093.0,-83.15736305,40.58610662,US,"Marion, Ohio, US",Marion,2020-11-01,3585,11,14.244741873804978,0.0,55.07504647197087
22550,0.0,"Marion,Ohio",84039101,Ohio,65093.0,-83.15736305,40.58610662,US,"Marion, Ohio, US",Marion,2020-11-27,4893,12,36.48535564853557,0.0,75.16937305086569
8241,0.0,"Medina,Ohio",84039103,Ohio,179746.0,-81.89986209999998,41.11770589,US,"Medina, Ohio, US",Medina,2020-07-01,491,7,41.90751445086705,0.0,2.7316324146295328
5451,0.0,"Medina,Ohio",84039103,Ohio,179746.0,-81.89986209999998,41.11770589,US,"Medina, Ohio, US",Medina,2020-08-01,821,8,67.20977596741345,0.0,4.567556440755288
2661,0.0,"Medina,Ohio",84039103,Ohio,179746.0,-81.89986209999998,41.11770589,US,"Medina, Ohio, US",Medina,2020-09-01,1219,9,48.4774665042631,0.0,6.781792084385744
27051,0.0,"Medina,Ohio",84039103,Ohio,179746.0,-81.89986209999998,41.11770589,US,"Medina, Ohio, US",Medina,2020-10-01,1514,10,24.200164068908947,0.0,8.422996895619374
24261,0.0,"Medina,Ohio",84039103,Ohio,179746.0,-81.89986209999998,41.11770589,US,"Medina, Ohio, US",Medina,2020-11-01,2197,11,45.112285336856004,0.0,12.222803289085709
22551,0.0,"Medina,Ohio",84039103,Ohio,179746.0,-81.89986209999998,41.11770589,US,"Medina, Ohio, US",Medina,2020-11-27,4965,12,125.98998634501592,0.0,27.622311483982955
8242,0.0,"Meigs,Ohio",84039105,Ohio,22907.0,-82.0305041,39.09224872,US,"Meigs, Ohio, US",Meigs,2020-07-01,11,7,83.33333333333333,0.0,0.48020255816999174
5452,0.0,"Meigs,Ohio",84039105,Ohio,22907.0,-82.0305041,39.09224872,US,"Meigs, Ohio, US",Meigs,2020-08-01,23,8,109.09090909090908,0.0,1.0040598943554373
2662,0.0,"Meigs,Ohio",84039105,Ohio,22907.0,-82.0305041,39.09224872,US,"Meigs, Ohio, US",Meigs,2020-09-01,127,9,452.17391304347825,0.0,5.544156807962631
27052,0.0,"Meigs,Ohio",84039105,Ohio,22907.0,-82.0305041,39.09224872,US,"Meigs, Ohio, US",Meigs,2020-10-01,181,10,42.51968503937007,0.0,7.901514820797137
24262,0.0,"Meigs,Ohio",84039105,Ohio,22907.0,-82.0305041,39.09224872,US,"Meigs, Ohio, US",Meigs,2020-11-01,238,11,31.491712707182316,0.0,10.389837167678003
22552,0.0,"Meigs,Ohio",84039105,Ohio,22907.0,-82.0305041,39.09224872,US,"Meigs, Ohio, US",Meigs,2020-11-27,417,12,75.21008403361344,0.0,18.20404243244423
8244,0.0,"Miami,Ohio",84039109,Ohio,106987.0,-84.22871271,40.0543329,US,"Miami, Ohio, US",Miami,2020-07-01,442,7,23.463687150838,0.0,4.1313430603718215
5454,0.0,"Miami,Ohio",84039109,Ohio,106987.0,-84.22871271,40.0543329,US,"Miami, Ohio, US",Miami,2020-08-01,762,8,72.39819004524888,0.0,7.122360660641013
2664,0.0,"Miami,Ohio",84039109,Ohio,106987.0,-84.22871271,40.0543329,US,"Miami, Ohio, US",Miami,2020-09-01,1075,9,41.076115485564316,0.0,10.047949750904316
27054,0.0,"Miami,Ohio",84039109,Ohio,106987.0,-84.22871271,40.0543329,US,"Miami, Ohio, US",Miami,2020-10-01,1526,10,41.95348837209303,0.0,14.263415181283706
24264,0.0,"Miami,Ohio",84039109,Ohio,106987.0,-84.22871271,40.0543329,US,"Miami, Ohio, US",Miami,2020-11-01,2381,11,56.02883355176933,0.0,22.255040332002952
22554,0.0,"Miami,Ohio",84039109,Ohio,106987.0,-84.22871271,40.0543329,US,"Miami, Ohio, US",Miami,2020-11-27,4562,12,91.60016799664005,0.0,42.640694663837664
8245,0.0,"Monroe,Ohio",84039111,Ohio,13654.0,-81.08464734,39.72984936,US,"Monroe, Ohio, US",Monroe,2020-07-01,86,7,8.860759493670889,0.0,6.298520580049803
5455,0.0,"Monroe,Ohio",84039111,Ohio,13654.0,-81.08464734,39.72984936,US,"Monroe, Ohio, US",Monroe,2020-08-01,89,8,3.488372093023262,0.0,6.518236414237586
2665,0.0,"Monroe,Ohio",84039111,Ohio,13654.0,-81.08464734,39.72984936,US,"Monroe, Ohio, US",Monroe,2020-09-01,104,9,16.85393258426966,0.0,7.616815585176505
27055,0.0,"Monroe,Ohio",84039111,Ohio,13654.0,-81.08464734,39.72984936,US,"Monroe, Ohio, US",Monroe,2020-10-01,110,10,5.769230769230771,0.0,8.056247253552073
24265,0.0,"Monroe,Ohio",84039111,Ohio,13654.0,-81.08464734,39.72984936,US,"Monroe, Ohio, US",Monroe,2020-11-01,201,11,82.72727272727273,0.0,14.720960890581514
22555,0.0,"Monroe,Ohio",84039111,Ohio,13654.0,-81.08464734,39.72984936,US,"Monroe, Ohio, US",Monroe,2020-11-27,349,12,73.6318407960199,0.0,25.560275377178847
8247,0.0,"Morgan,Ohio",84039115,Ohio,14508.0,-81.85308173,39.62081738,US,"Morgan, Ohio, US",Morgan,2020-07-01,9,7,80.0,0.0,0.6203473945409429
5457,0.0,"Morgan,Ohio",84039115,Ohio,14508.0,-81.85308173,39.62081738,US,"Morgan, Ohio, US",Morgan,2020-08-01,18,8,100.0,0.0,1.2406947890818858
2667,0.0,"Morgan,Ohio",84039115,Ohio,14508.0,-81.85308173,39.62081738,US,"Morgan, Ohio, US",Morgan,2020-09-01,44,9,144.44444444444446,0.0,3.032809484422388
27057,0.0,"Morgan,Ohio",84039115,Ohio,14508.0,-81.85308173,39.62081738,US,"Morgan, Ohio, US",Morgan,2020-10-01,51,10,15.909090909090917,0.0,3.5153019023986767
24267,0.0,"Morgan,Ohio",84039115,Ohio,14508.0,-81.85308173,39.62081738,US,"Morgan, Ohio, US",Morgan,2020-11-01,104,11,103.92156862745097,0.0,7.168458781362007
22557,0.0,"Morgan,Ohio",84039115,Ohio,14508.0,-81.85308173,39.62081738,US,"Morgan, Ohio, US",Morgan,2020-11-27,292,12,180.76923076923075,0.0,20.12682657843948
8248,0.0,"Morrow,Ohio",84039117,Ohio,35328.0,-82.7892599,40.52363560000001,US,"Morrow, Ohio, US",Morrow,2020-07-01,115,7,7.476635514018692,0.0,3.2552083333333335
5458,0.0,"Morrow,Ohio",84039117,Ohio,35328.0,-82.7892599,40.52363560000001,US,"Morrow, Ohio, US",Morrow,2020-08-01,158,8,37.39130434782609,0.0,4.472373188405797
2668,0.0,"Morrow,Ohio",84039117,Ohio,35328.0,-82.7892599,40.52363560000001,US,"Morrow, Ohio, US",Morrow,2020-09-01,233,9,47.468354430379755,0.0,6.595335144927536
27058,0.0,"Morrow,Ohio",84039117,Ohio,35328.0,-82.7892599,40.52363560000001,US,"Morrow, Ohio, US",Morrow,2020-10-01,264,10,13.30472103004292,0.0,7.472826086956522
24268,0.0,"Morrow,Ohio",84039117,Ohio,35328.0,-82.7892599,40.52363560000001,US,"Morrow, Ohio, US",Morrow,2020-11-01,474,11,79.54545454545455,0.0,13.417119565217392
22558,0.0,"Morrow,Ohio",84039117,Ohio,35328.0,-82.7892599,40.52363560000001,US,"Morrow, Ohio, US",Morrow,2020-11-27,968,12,104.21940928270041,0.0,27.40036231884058
8250,0.0,"Noble,Ohio",84039121,Ohio,14424.0,-81.45937183,39.76818851,US,"Noble, Ohio, US",Noble,2020-07-01,11,7,83.33333333333333,0.0,0.7626178591236827
5460,0.0,"Noble,Ohio",84039121,Ohio,14424.0,-81.45937183,39.76818851,US,"Noble, Ohio, US",Noble,2020-08-01,16,8,45.45454545454546,0.0,1.1092623405435387
2670,0.0,"Noble,Ohio",84039121,Ohio,14424.0,-81.45937183,39.76818851,US,"Noble, Ohio, US",Noble,2020-09-01,23,9,43.75,0.0,1.5945646145313368
27060,0.0,"Noble,Ohio",84039121,Ohio,14424.0,-81.45937183,39.76818851,US,"Noble, Ohio, US",Noble,2020-10-01,48,10,108.69565217391303,0.0,3.327787021630616
24270,0.0,"Noble,Ohio",84039121,Ohio,14424.0,-81.45937183,39.76818851,US,"Noble, Ohio, US",Noble,2020-11-01,239,11,397.9166666666667,0.0,16.569606211869107
22560,0.0,"Noble,Ohio",84039121,Ohio,14424.0,-81.45937183,39.76818851,US,"Noble, Ohio, US",Noble,2020-11-27,651,12,172.3849372384937,0.0,45.133111480865225
8251,0.0,"Ottawa,Ohio",84039123,Ohio,40525.0,-83.0940185,41.53781826,US,"Ottawa, Ohio, US",Ottawa,2020-07-01,130,7,26.21359223300972,0.0,3.2078963602714374
5461,0.0,"Ottawa,Ohio",84039123,Ohio,40525.0,-83.0940185,41.53781826,US,"Ottawa, Ohio, US",Ottawa,2020-08-01,346,8,166.15384615384613,0.0,8.537939543491671
2671,0.0,"Ottawa,Ohio",84039123,Ohio,40525.0,-83.0940185,41.53781826,US,"Ottawa, Ohio, US",Ottawa,2020-09-01,451,9,30.346820809248555,0.0,11.128932757557063
27061,0.0,"Ottawa,Ohio",84039123,Ohio,40525.0,-83.0940185,41.53781826,US,"Ottawa, Ohio, US",Ottawa,2020-10-01,475,10,5.3215077605321515,0.0,11.721159777914869
24271,0.0,"Ottawa,Ohio",84039123,Ohio,40525.0,-83.0940185,41.53781826,US,"Ottawa, Ohio, US",Ottawa,2020-11-01,665,11,39.99999999999999,0.0,16.409623689080814
22561,0.0,"Ottawa,Ohio",84039123,Ohio,40525.0,-83.0940185,41.53781826,US,"Ottawa, Ohio, US",Ottawa,2020-11-27,1288,12,93.6842105263158,0.0,31.782850092535472
8252,0.0,"Out of OH,Ohio",84080039,Ohio,1.0,0.0,0.0,US,"Out of OH, Ohio, US",Out of OH,2020-07-01,0,7,,0.0,0.0
5462,0.0,"Out of OH,Ohio",84080039,Ohio,1.0,0.0,0.0,US,"Out of OH, Ohio, US",Out of OH,2020-08-01,0,8,,0.0,0.0
2672,0.0,"Out of OH,Ohio",84080039,Ohio,1.0,0.0,0.0,US,"Out of OH, Ohio, US",Out of OH,2020-09-01,0,9,,0.0,0.0
27062,0.0,"Out of OH,Ohio",84080039,Ohio,1.0,0.0,0.0,US,"Out of OH, Ohio, US",Out of OH,2020-10-01,0,10,,0.0,0.0
24272,0.0,"Out of OH,Ohio",84080039,Ohio,1.0,0.0,0.0,US,"Out of OH, Ohio, US",Out of OH,2020-11-01,0,11,,0.0,0.0
22562,0.0,"Out of OH,Ohio",84080039,Ohio,1.0,0.0,0.0,US,"Out of OH, Ohio, US",Out of OH,2020-11-27,0,12,,0.0,0.0
8253,0.0,"Paulding,Ohio",84039125,Ohio,18672.0,-84.5801017,41.11676341,US,"Paulding, Ohio, US",Paulding,2020-07-01,23,7,64.28571428571428,0.0,1.2317909168808914
5463,0.0,"Paulding,Ohio",84039125,Ohio,18672.0,-84.5801017,41.11676341,US,"Paulding, Ohio, US",Paulding,2020-08-01,59,8,156.52173913043475,0.0,3.1598114824335903
2673,0.0,"Paulding,Ohio",84039125,Ohio,18672.0,-84.5801017,41.11676341,US,"Paulding, Ohio, US",Paulding,2020-09-01,79,9,33.89830508474576,0.0,4.230934018851756
27063,0.0,"Paulding,Ohio",84039125,Ohio,18672.0,-84.5801017,41.11676341,US,"Paulding, Ohio, US",Paulding,2020-10-01,123,10,55.696202531645575,0.0,6.587403598971722
24273,0.0,"Paulding,Ohio",84039125,Ohio,18672.0,-84.5801017,41.11676341,US,"Paulding, Ohio, US",Paulding,2020-11-01,295,11,139.83739837398375,0.0,15.79905741216795
22563,0.0,"Paulding,Ohio",84039125,Ohio,18672.0,-84.5801017,41.11676341,US,"Paulding, Ohio, US",Paulding,2020-11-27,700,12,137.28813559322032,0.0,37.48928877463582
8254,0.0,"Perry,Ohio",84039127,Ohio,36134.0,-82.23804971,39.73508655,US,"Perry, Ohio, US",Perry,2020-07-01,30,7,66.66666666666667,0.0,0.8302429844467814
5464,0.0,"Perry,Ohio",84039127,Ohio,36134.0,-82.23804971,39.73508655,US,"Perry, Ohio, US",Perry,2020-08-01,102,8,240.0,0.0,2.822826147119057
2674,0.0,"Perry,Ohio",84039127,Ohio,36134.0,-82.23804971,39.73508655,US,"Perry, Ohio, US",Perry,2020-09-01,235,9,130.39215686274508,0.0,6.503570044833121
27064,0.0,"Perry,Ohio",84039127,Ohio,36134.0,-82.23804971,39.73508655,US,"Perry, Ohio, US",Perry,2020-10-01,309,10,31.48936170212766,0.0,8.55150273980185
24274,0.0,"Perry,Ohio",84039127,Ohio,36134.0,-82.23804971,39.73508655,US,"Perry, Ohio, US",Perry,2020-11-01,432,11,39.80582524271845,0.0,11.955498976033653
22564,0.0,"Perry,Ohio",84039127,Ohio,36134.0,-82.23804971,39.73508655,US,"Perry, Ohio, US",Perry,2020-11-27,866,12,100.46296296296298,0.0,23.966347484363755
8255,0.0,"Pickaway,Ohio",84039129,Ohio,58457.0,-83.0243386,39.64170392,US,"Pickaway, Ohio, US",Pickaway,2020-07-01,2176,7,4.3144774688398835,0.0,37.223942385000946
5465,0.0,"Pickaway,Ohio",84039129,Ohio,58457.0,-83.0243386,39.64170392,US,"Pickaway, Ohio, US",Pickaway,2020-08-01,2348,8,7.904411764705888,0.0,40.166276066168294
2675,0.0,"Pickaway,Ohio",84039129,Ohio,58457.0,-83.0243386,39.64170392,US,"Pickaway, Ohio, US",Pickaway,2020-09-01,2495,9,6.260647359454863,0.0,42.680944968096206
27065,0.0,"Pickaway,Ohio",84039129,Ohio,58457.0,-83.0243386,39.64170392,US,"Pickaway, Ohio, US",Pickaway,2020-10-01,2692,10,7.895791583166334,0.0,46.050943428503004
24275,0.0,"Pickaway,Ohio",84039129,Ohio,58457.0,-83.0243386,39.64170392,US,"Pickaway, Ohio, US",Pickaway,2020-11-01,3243,11,20.468053491827632,0.0,55.47667516294028
22565,0.0,"Pickaway,Ohio",84039129,Ohio,58457.0,-83.0243386,39.64170392,US,"Pickaway, Ohio, US",Pickaway,2020-11-27,4105,12,26.58032685784768,0.0,70.2225567511162
8256,0.0,"Pike,Ohio",84039131,Ohio,27772.0,-83.06769584,39.07634001,US,"Pike, Ohio, US",Pike,2020-07-01,20,7,150.0,0.0,0.7201497911565605
5466,0.0,"Pike,Ohio",84039131,Ohio,27772.0,-83.06769584,39.07634001,US,"Pike, Ohio, US",Pike,2020-08-01,63,8,215.0,0.0,2.2684718421431658
2676,0.0,"Pike,Ohio",84039131,Ohio,27772.0,-83.06769584,39.07634001,US,"Pike, Ohio, US",Pike,2020-09-01,108,9,71.42857142857142,0.0,3.888808872245427
27066,0.0,"Pike,Ohio",84039131,Ohio,27772.0,-83.06769584,39.07634001,US,"Pike, Ohio, US",Pike,2020-10-01,210,10,94.44444444444444,0.0,7.561572807143887
24276,0.0,"Pike,Ohio",84039131,Ohio,27772.0,-83.06769584,39.07634001,US,"Pike, Ohio, US",Pike,2020-11-01,384,11,82.85714285714285,0.0,13.826875990205963
22566,0.0,"Pike,Ohio",84039131,Ohio,27772.0,-83.06769584,39.07634001,US,"Pike, Ohio, US",Pike,2020-11-27,792,12,106.25,0.0,28.5179317297998
8258,0.0,"Preble,Ohio",84039135,Ohio,40882.0,-84.64787018,39.7420247,US,"Preble, Ohio, US",Preble,2020-07-01,66,7,69.23076923076923,0.0,1.6144024264957684
5468,0.0,"Preble,Ohio",84039135,Ohio,40882.0,-84.64787018,39.7420247,US,"Preble, Ohio, US",Preble,2020-08-01,162,8,145.45454545454547,0.0,3.96262413776234
2678,0.0,"Preble,Ohio",84039135,Ohio,40882.0,-84.64787018,39.7420247,US,"Preble, Ohio, US",Preble,2020-09-01,352,9,117.28395061728394,0.0,8.610146274644098
27068,0.0,"Preble,Ohio",84039135,Ohio,40882.0,-84.64787018,39.7420247,US,"Preble, Ohio, US",Preble,2020-10-01,464,10,31.818181818181813,0.0,11.349738271121765
24278,0.0,"Preble,Ohio",84039135,Ohio,40882.0,-84.64787018,39.7420247,US,"Preble, Ohio, US",Preble,2020-11-01,798,11,71.98275862068965,0.0,19.51959297490338
22568,0.0,"Preble,Ohio",84039135,Ohio,40882.0,-84.64787018,39.7420247,US,"Preble, Ohio, US",Preble,2020-11-27,1625,12,103.63408521303259,0.0,39.74854459175187
8259,0.0,"Putnam,Ohio",84039137,Ohio,33861.0,-84.1336111,41.02094889,US,"Putnam, Ohio, US",Putnam,2020-07-01,115,7,23.655913978494624,0.0,3.3962375594341574
5469,0.0,"Putnam,Ohio",84039137,Ohio,33861.0,-84.1336111,41.02094889,US,"Putnam, Ohio, US",Putnam,2020-08-01,192,8,66.95652173913042,0.0,5.670240099229202
2679,0.0,"Putnam,Ohio",84039137,Ohio,33861.0,-84.1336111,41.02094889,US,"Putnam, Ohio, US",Putnam,2020-09-01,343,9,78.64583333333333,0.0,10.129647677268835
27069,0.0,"Putnam,Ohio",84039137,Ohio,33861.0,-84.1336111,41.02094889,US,"Putnam, Ohio, US",Putnam,2020-10-01,636,10,85.42274052478133,0.0,18.78267032869673
24279,0.0,"Putnam,Ohio",84039137,Ohio,33861.0,-84.1336111,41.02094889,US,"Putnam, Ohio, US",Putnam,2020-11-01,1341,11,110.8490566037736,0.0,39.60308319305396
22569,0.0,"Putnam,Ohio",84039137,Ohio,33861.0,-84.1336111,41.02094889,US,"Putnam, Ohio, US",Putnam,2020-11-27,2345,12,74.86950037285607,0.0,69.25371371194
8265,0.0,"Shelby,Ohio",84039149,Ohio,48590.0,-84.20258189,40.33163494,US,"Shelby, Ohio, US",Shelby,2020-07-01,59,7,37.2093023255814,0.0,1.2142416135007204
5475,0.0,"Shelby,Ohio",84039149,Ohio,48590.0,-84.20258189,40.33163494,US,"Shelby, Ohio, US",Shelby,2020-08-01,153,8,159.3220338983051,0.0,3.1487960485696647
2685,0.0,"Shelby,Ohio",84039149,Ohio,48590.0,-84.20258189,40.33163494,US,"Shelby, Ohio, US",Shelby,2020-09-01,374,9,144.44444444444446,0.0,7.6970570076147355
27075,0.0,"Shelby,Ohio",84039149,Ohio,48590.0,-84.20258189,40.33163494,US,"Shelby, Ohio, US",Shelby,2020-10-01,690,10,84.49197860962568,0.0,14.200452768059272
24285,0.0,"Shelby,Ohio",84039149,Ohio,48590.0,-84.20258189,40.33163494,US,"Shelby, Ohio, US",Shelby,2020-11-01,1093,11,58.40579710144929,0.0,22.494340399259105
22575,0.0,"Shelby,Ohio",84039149,Ohio,48590.0,-84.20258189,40.33163494,US,"Shelby, Ohio, US",Shelby,2020-11-27,1999,12,82.8911253430924,0.0,41.140152294710845
8270,0.0,"Unassigned,Ohio",84090039,Ohio,1.0,0.0,0.0,US,"Unassigned, Ohio, US",Unassigned,2020-07-01,0,7,,0.0,0.0
5480,0.0,"Unassigned,Ohio",84090039,Ohio,1.0,0.0,0.0,US,"Unassigned, Ohio, US",Unassigned,2020-08-01,0,8,,0.0,0.0
2690,0.0,"Unassigned,Ohio",84090039,Ohio,1.0,0.0,0.0,US,"Unassigned, Ohio, US",Unassigned,2020-09-01,0,9,,0.0,0.0
27080,0.0,"Unassigned,Ohio",84090039,Ohio,1.0,0.0,0.0,US,"Unassigned, Ohio, US",Unassigned,2020-10-01,0,10,,0.0,0.0
24290,0.0,"Unassigned,Ohio",84090039,Ohio,1.0,0.0,0.0,US,"Unassigned, Ohio, US",Unassigned,2020-11-01,0,11,,0.0,0.0
22580,0.0,"Unassigned,Ohio",84090039,Ohio,1.0,0.0,0.0,US,"Unassigned, Ohio, US",Unassigned,2020-11-27,0,12,,0.0,0.0
8271,0.0,"Union,Ohio",84039159,Ohio,58988.0,-83.37239023,40.30016061,US,"Union, Ohio, US",Union,2020-07-01,80,7,53.846153846153854,0.0,1.356208042313691
5481,0.0,"Union,Ohio",84039159,Ohio,58988.0,-83.37239023,40.30016061,US,"Union, Ohio, US",Union,2020-08-01,212,8,165.0,0.0,3.593951312131281
2691,0.0,"Union,Ohio",84039159,Ohio,58988.0,-83.37239023,40.30016061,US,"Union, Ohio, US",Union,2020-09-01,376,9,77.35849056603774,0.0,6.3741777988743475
27081,0.0,"Union,Ohio",84039159,Ohio,58988.0,-83.37239023,40.30016061,US,"Union, Ohio, US",Union,2020-10-01,573,10,52.393617021276604,0.0,9.713840103071812
24291,0.0,"Union,Ohio",84039159,Ohio,58988.0,-83.37239023,40.30016061,US,"Union, Ohio, US",Union,2020-11-01,902,11,57.41710296684119,0.0,15.291245677086867
22581,0.0,"Union,Ohio",84039159,Ohio,58988.0,-83.37239023,40.30016061,US,"Union, Ohio, US",Union,2020-11-27,2083,12,130.9312638580931,0.0,35.312266901742724
8272,0.0,"Van Wert,Ohio",84039161,Ohio,28275.0,-84.59111700000003,40.8554138,US,"Van Wert, Ohio, US",Van Wert,2020-07-01,27,7,350.0,0.0,0.9549071618037135
5482,0.0,"Van Wert,Ohio",84039161,Ohio,28275.0,-84.59111700000003,40.8554138,US,"Van Wert, Ohio, US",Van Wert,2020-08-01,66,8,144.44444444444446,0.0,2.3342175066313
2692,0.0,"Van Wert,Ohio",84039161,Ohio,28275.0,-84.59111700000003,40.8554138,US,"Van Wert, Ohio, US",Van Wert,2020-09-01,91,9,37.87878787878789,0.0,3.218390804597701
27082,0.0,"Van Wert,Ohio",84039161,Ohio,28275.0,-84.59111700000003,40.8554138,US,"Van Wert, Ohio, US",Van Wert,2020-10-01,131,10,43.956043956043956,0.0,4.633068081343944
24292,0.0,"Van Wert,Ohio",84039161,Ohio,28275.0,-84.59111700000003,40.8554138,US,"Van Wert, Ohio, US",Van Wert,2020-11-01,351,11,167.93893129770993,0.0,12.413793103448276
22582,0.0,"Van Wert,Ohio",84039161,Ohio,28275.0,-84.59111700000003,40.8554138,US,"Van Wert, Ohio, US",Van Wert,2020-11-27,999,12,184.6153846153846,0.0,35.331564986737405
8273,0.0,"Vinton,Ohio",84039163,Ohio,13085.0,-82.4831444,39.25208988,US,"Vinton, Ohio, US",Vinton,2020-07-01,22,7,4.761904761904767,0.0,1.6813144822315629
5483,0.0,"Vinton,Ohio",84039163,Ohio,13085.0,-82.4831444,39.25208988,US,"Vinton, Ohio, US",Vinton,2020-08-01,30,8,36.36363636363635,0.0,2.292701566679404
2693,0.0,"Vinton,Ohio",84039163,Ohio,13085.0,-82.4831444,39.25208988,US,"Vinton, Ohio, US",Vinton,2020-09-01,39,9,30.000000000000004,0.0,2.980512036683225
27083,0.0,"Vinton,Ohio",84039163,Ohio,13085.0,-82.4831444,39.25208988,US,"Vinton, Ohio, US",Vinton,2020-10-01,48,10,23.076923076923084,0.0,3.6683225066870464
24293,0.0,"Vinton,Ohio",84039163,Ohio,13085.0,-82.4831444,39.25208988,US,"Vinton, Ohio, US",Vinton,2020-11-01,129,11,168.75,0.0,9.858616736721435
22583,0.0,"Vinton,Ohio",84039163,Ohio,13085.0,-82.4831444,39.25208988,US,"Vinton, Ohio, US",Vinton,2020-11-27,232,12,79.84496124031008,0.0,17.73022544898739
8274,0.0,"Warren,Ohio",84039165,Ohio,234602.0,-84.16557457,39.42581994,US,"Warren, Ohio, US",Warren,2020-07-01,757,7,100.26455026455028,0.0,3.2267414600046034
5484,0.0,"Warren,Ohio",84039165,Ohio,234602.0,-84.16557457,39.42581994,US,"Warren, Ohio, US",Warren,2020-08-01,1579,8,108.58652575957728,0.0,6.7305479066674625
2694,0.0,"Warren,Ohio",84039165,Ohio,234602.0,-84.16557457,39.42581994,US,"Warren, Ohio, US",Warren,2020-09-01,2367,9,49.90500316656112,0.0,10.089428052616773
27084,0.0,"Warren,Ohio",84039165,Ohio,234602.0,-84.16557457,39.42581994,US,"Warren, Ohio, US",Warren,2020-10-01,3189,10,34.72750316856781,0.0,13.59323449927963
24294,0.0,"Warren,Ohio",84039165,Ohio,234602.0,-84.16557457,39.42581994,US,"Warren, Ohio, US",Warren,2020-11-01,4921,11,54.31169645656946,0.0,20.975950759158064
22584,0.0,"Warren,Ohio",84039165,Ohio,234602.0,-84.16557457,39.42581994,US,"Warren, Ohio, US",Warren,2020-11-27,8787,12,78.56126803495225,0.0,37.45492365793983
8277,0.0,"Williams,Ohio",84039171,Ohio,36692.0,-84.58429552,41.56052014,US,"Williams, Ohio, US",Williams,2020-07-01,65,7,18.181818181818187,0.0,1.7715033249754715
5487,0.0,"Williams,Ohio",84039171,Ohio,36692.0,-84.58429552,41.56052014,US,"Williams, Ohio, US",Williams,2020-08-01,120,8,84.61538461538463,0.0,3.2704676768777934
2697,0.0,"Williams,Ohio",84039171,Ohio,36692.0,-84.58429552,41.56052014,US,"Williams, Ohio, US",Williams,2020-09-01,160,9,33.33333333333333,0.0,4.360623569170391
27087,0.0,"Williams,Ohio",84039171,Ohio,36692.0,-84.58429552,41.56052014,US,"Williams, Ohio, US",Williams,2020-10-01,226,10,41.25000000000001,0.0,6.159380791453178
24297,0.0,"Williams,Ohio",84039171,Ohio,36692.0,-84.58429552,41.56052014,US,"Williams, Ohio, US",Williams,2020-11-01,452,11,100.0,0.0,12.318761582906356
22587,0.0,"Williams,Ohio",84039171,Ohio,36692.0,-84.58429552,41.56052014,US,"Williams, Ohio, US",Williams,2020-11-27,1147,12,153.76106194690266,0.0,31.26022021149024
8279,0.0,"Wyandot,Ohio",84039175,Ohio,21772.0,-83.30734173,40.84339621,US,"Wyandot, Ohio, US",Wyandot,2020-07-01,58,7,38.095238095238095,0.0,2.6639720742237736
5489,0.0,"Wyandot,Ohio",84039175,Ohio,21772.0,-83.30734173,40.84339621,US,"Wyandot, Ohio, US",Wyandot,2020-08-01,119,8,105.17241379310347,0.0,5.465735807459121
2699,0.0,"Wyandot,Ohio",84039175,Ohio,21772.0,-83.30734173,40.84339621,US,"Wyandot, Ohio, US",Wyandot,2020-09-01,187,9,57.14285714285714,0.0,8.589013411721478
27089,0.0,"Wyandot,Ohio",84039175,Ohio,21772.0,-83.30734173,40.84339621,US,"Wyandot, Ohio, US",Wyandot,2020-10-01,217,10,16.042780748663098,0.0,9.966930001837222
24299,0.0,"Wyandot,Ohio",84039175,Ohio,21772.0,-83.30734173,40.84339621,US,"Wyandot, Ohio, US",Wyandot,2020-11-01,337,11,55.29953917050692,0.0,15.478596362300202
22589,0.0,"Wyandot,Ohio",84039175,Ohio,21772.0,-83.30734173,40.84339621,US,"Wyandot, Ohio, US",Wyandot,2020-11-27,761,12,125.81602373887239,0.0,34.953150835936064
